{"assets/images/Business.png":["assets/images/Business.png"],"assets/images/absent.png":["assets/images/absent.png"],"assets/images/admin.png":["assets/images/admin.png"],"assets/images/aroundme.png":["assets/images/aroundme.png"],"assets/images/attendance.png":["assets/images/attendance.png"],"assets/images/bank.png":["assets/images/bank.png"],"assets/images/box.png":["assets/images/box.png"],"assets/images/circle.png":["assets/images/circle.png"],"assets/images/collection.png":["assets/images/collection.png"],"assets/images/dashboard.png":["assets/images/dashboard.png"],"assets/images/dc.png":["assets/images/dc.png"],"assets/images/def_person.png":["assets/images/def_person.png"],"assets/images/empty_cart.png":["assets/images/empty_cart.png"],"assets/images/expense_report.png":["assets/images/expense_report.png"],"assets/images/female.png":["assets/images/female.png"],"assets/images/folder.png":["assets/images/folder.png"],"assets/images/gas.png":["assets/images/gas.png"],"assets/images/insurance.png":["assets/images/insurance.png"],"assets/images/inventory.png":["assets/images/inventory.png"],"assets/images/leavetour.png":["assets/images/leavetour.png"],"assets/images/loading.gif":["assets/images/loading.gif"],"assets/images/loan.png":["assets/images/loan.png"],"assets/images/logo/100000.png":["assets/images/logo/100000.png"],"assets/images/logo/400060.png":["assets/images/logo/400060.png"],"assets/images/logo/400070.png":["assets/images/logo/400070.png"],"assets/images/logo/400080.png":["assets/images/logo/400080.png"],"assets/images/logo/400090.png":["assets/images/logo/400090.png"],"assets/images/logo/background_image.jpeg":["assets/images/logo/background_image.jpeg"],"assets/images/logo/gazi_logo.jpeg":["assets/images/logo/gazi_logo.jpeg"],"assets/images/lpg.png":["assets/images/lpg.png"],"assets/images/male.png":["assets/images/male.png"],"assets/images/management.png":["assets/images/management.png"],"assets/images/money (1).png":["assets/images/money (1).png"],"assets/images/mr.png":["assets/images/mr.png"],"assets/images/notification.png":["assets/images/notification.png"],"assets/images/orange.png":["assets/images/orange.png"],"assets/images/order.png":["assets/images/order.png"],"assets/images/payslip.png":["assets/images/payslip.png"],"assets/images/personal.png":["assets/images/personal.png"],"assets/images/procurement.png":["assets/images/procurement.png"],"assets/images/production.png":["assets/images/production.png"],"assets/images/production1.png":["assets/images/production1.png"],"assets/images/productlogo.PNG":["assets/images/productlogo.PNG"],"assets/images/qr-code.png":["assets/images/qr-code.png"],"assets/images/report.png":["assets/images/report.png"],"assets/images/sale.png":["assets/images/sale.png"],"assets/images/sales.png":["assets/images/sales.png"],"assets/images/search.png":["assets/images/search.png"],"assets/images/shoplogo.PNG":["assets/images/shoplogo.PNG"],"assets/images/so.png":["assets/images/so.png"],"assets/images/so_report.png":["assets/images/so_report.png"],"assets/images/sync.png":["assets/images/sync.png"],"assets/images/takeover.png":["assets/images/takeover.png"],"assets/images/transaction_pay.png":["assets/images/transaction_pay.png"],"assets/images/user.png":["assets/images/user.png"],"assets/images/worknote.png":["assets/images/worknote.png"],"packages/cupertino_icons/assets/CupertinoIcons.ttf":["packages/cupertino_icons/assets/CupertinoIcons.ttf"],"packages/font_awesome_flutter/lib/fonts/fa-brands-400.ttf":["packages/font_awesome_flutter/lib/fonts/fa-brands-400.ttf"],"packages/font_awesome_flutter/lib/fonts/fa-regular-400.ttf":["packages/font_awesome_flutter/lib/fonts/fa-regular-400.ttf"],"packages/font_awesome_flutter/lib/fonts/fa-solid-900.ttf":["packages/font_awesome_flutter/lib/fonts/fa-solid-900.ttf"],"packages/material_design_icons_flutter/lib/fonts/materialdesignicons-webfont.ttf":["packages/material_design_icons_flutter/lib/fonts/materialdesignicons-webfont.ttf"]}